municipio;departamento;valid_time;latitude;longitude;t2m;d2m;tp;ssrd;e;stl1
Aguada;Santander;2025-01-01;6.25;-73.5;20.176666;16.943268;0.0015029907;19748864.0;-0.0032596402;19.605865
Aguada;Santander;2025-02-01;6.25;-73.5;20.536774;17.6315;0.0050315857;18513920.0;-0.0030286424;20.511139
Aguada;Santander;2025-03-01;6.25;-73.5;20.169586;17.865143;0.0051136017;17980144.0;-0.0032338165;20.121246
Aguada;Santander;2025-04-01;6.25;-73.5;20.608307;18.18863;0.008655548;17493504.0;-0.0033222102;20.472076
Aguada;Santander;2025-05-01;6.25;-73.5;20.382233;18.049225;0.01361084;16358400.0;-0.003237471;20.189117
Aguada;Santander;2025-06-01;6.25;-73.5;20.187164;17.873444;0.009231567;16981504.0;-0.0033041015;20.071198
Aguada;Santander;2025-07-01;6.25;-73.5;20.329254;17.508453;0.0059719086;19373568.0;-0.003723245;20.156158
Aguada;Santander;2025-08-01;6.25;-73.5;20.099518;17.326569;0.005367279;19213824.0;-0.0036796406;19.986237
Aguada;Santander;2025-09-01;6.25;-73.5;20.028717;17.417389;0.0064792633;19077710.0;-0.0036002137;20.159088
Aguada;Santander;2025-10-01;6.25;-73.5;19.649078;17.321442;0.010404587;17488384.0;-0.0034077428;20.01529
Aguada;Santander;2025-11-01;6.25;-73.5;20.037018;17.697906;0.0073280334;16020480.0;-0.0030950196;20.016266
Aguada;Santander;2025-12-01;6.25;-73.5;19.805817;16.87735;0.0028123856;17638400.0;-0.003173679;19.576813
Barbosa;Santander;2025-01-01;6.0;-73.625;17.549866;14.554718;0.003911972;19165184.0;-0.003346663;17.209473
Barbosa;Santander;2025-02-01;6.0;-73.625;17.67276;15.729248;0.0075645447;17409280.0;-0.0031762235;17.7388
Barbosa;Santander;2025-03-01;6.0;-73.625;17.584839;15.535309;0.008876801;17170160.0;-0.0031787418;17.754242
Barbosa;Santander;2025-04-01;6.0;-73.625;18.075317;15.876221;0.015295029;16517376.0;-0.0032159947;18.115631
Barbosa;Santander;2025-05-01;6.0;-73.625;18.03946;15.600098;0.017691612;15800320.0;-0.0031514019;17.955902
Barbosa;Santander;2025-06-01;6.0;-73.625;17.92163;15.20459;0.016161919;16514048.0;-0.0032902732;17.905304
Barbosa;Santander;2025-07-01;6.0;-73.625;18.132233;14.576965;0.01411438;18783232.0;-0.0036822371;18.021484
Barbosa;Santander;2025-08-01;6.0;-73.625;17.782318;14.515167;0.01292038;18686464.0;-0.0035997704;17.831146
Barbosa;Santander;2025-09-01;6.0;-73.625;17.811127;14.734955;0.014537811;18491984.0;-0.0035580136;17.96402
Barbosa;Santander;2025-10-01;6.0;-73.625;17.303528;15.05011;0.016216278;16736768.0;-0.0032619499;17.70401
Barbosa;Santander;2025-11-01;6.0;-73.625;17.680573;15.419739;0.011004448;15565312.0;-0.0029810555;17.727203
Barbosa;Santander;2025-12-01;6.0;-73.625;17.200531;14.643158;0.004960537;17243648.0;-0.0030628145;17.170624
Charala;Santander;2025-01-01;6.125;-73.125;15.667511;11.611359;0.003382206;20051712.0;-0.0031647496;15.302277
Charala;Santander;2025-02-01;6.125;-73.125;15.765045;13.181915;0.0062966347;18414208.0;-0.003153097;15.684113
Charala;Santander;2025-03-01;6.125;-73.125;15.545319;13.1197815;0.0073952675;18550512.0;-0.0033532642;15.525726
Charala;Santander;2025-04-01;6.125;-73.125;16.014313;13.401642;0.012318134;17477376.0;-0.0033279322;15.689362
Charala;Santander;2025-05-01;6.125;-73.125;15.709381;13.156769;0.015365601;15891328.0;-0.0031867474;15.325043
Charala;Santander;2025-06-01;6.125;-73.125;15.438751;12.720734;0.013668537;16555520.0;-0.0032671466;15.16214
Charala;Santander;2025-07-01;6.125;-73.125;15.549225;12.195587;0.012701988;18485248.0;-0.0035320334;15.215363
Charala;Santander;2025-08-01;6.125;-73.125;15.312042;12.011261;0.009874344;18880000.0;-0.0035495833;15.044952
Charala;Santander;2025-09-01;6.125;-73.125;15.304352;12.010284;0.010898113;19507536.0;-0.0035856701;15.160797
Charala;Santander;2025-10-01;6.125;-73.125;14.996857;12.457794;0.014133453;17336448.0;-0.0033358;15.0555725
Charala;Santander;2025-11-01;6.125;-73.125;15.505768;12.881134;0.008369446;16336896.0;-0.0030835755;15.173492
Charala;Santander;2025-12-01;6.125;-73.125;15.179108;12.238312;0.0038900375;17880832.0;-0.0031128824;14.770721
Chipata;Santander;2025-01-01;6.0;-73.625;17.549866;14.554718;0.003911972;19165184.0;-0.003346663;17.209473
Chipata;Santander;2025-02-01;6.0;-73.625;17.67276;15.729248;0.0075645447;17409280.0;-0.0031762235;17.7388
Chipata;Santander;2025-03-01;6.0;-73.625;17.584839;15.535309;0.008876801;17170160.0;-0.0031787418;17.754242
Chipata;Santander;2025-04-01;6.0;-73.625;18.075317;15.876221;0.015295029;16517376.0;-0.0032159947;18.115631
Chipata;Santander;2025-05-01;6.0;-73.625;18.03946;15.600098;0.017691612;15800320.0;-0.0031514019;17.955902
Chipata;Santander;2025-06-01;6.0;-73.625;17.92163;15.20459;0.016161919;16514048.0;-0.0032902732;17.905304
Chipata;Santander;2025-07-01;6.0;-73.625;18.132233;14.576965;0.01411438;18783232.0;-0.0036822371;18.021484
Chipata;Santander;2025-08-01;6.0;-73.625;17.782318;14.515167;0.01292038;18686464.0;-0.0035997704;17.831146
Chipata;Santander;2025-09-01;6.0;-73.625;17.811127;14.734955;0.014537811;18491984.0;-0.0035580136;17.96402
Chipata;Santander;2025-10-01;6.0;-73.625;17.303528;15.05011;0.016216278;16736768.0;-0.0032619499;17.70401
Chipata;Santander;2025-11-01;6.0;-73.625;17.680573;15.419739;0.011004448;15565312.0;-0.0029810555;17.727203
Chipata;Santander;2025-12-01;6.0;-73.625;17.200531;14.643158;0.004960537;17243648.0;-0.0030628145;17.170624
Confines;Santander;2025-01-01;6.375;-73.25;18.33014;15.059601;0.0034761429;20491776.0;-0.0033254437;18.239777
Confines;Santander;2025-02-01;6.375;-73.25;18.467682;16.197998;0.007809639;19221248.0;-0.003292095;18.785675
Confines;Santander;2025-03-01;6.375;-73.25;18.438354;16.212067;0.008140564;19145456.0;-0.003375318;18.733734
Confines;Santander;2025-04-01;6.375;-73.25;18.777466;16.48462;0.0132751465;18219008.0;-0.0035195015;18.882233
Confines;Santander;2025-05-01;6.375;-73.25;18.435944;16.231934;0.019474983;16673536.0;-0.003492698;18.475433
Confines;Santander;2025-06-01;6.375;-73.25;18.172607;15.902832;0.017518997;17111808.0;-0.0035034195;18.366241
Confines;Santander;2025-07-01;6.375;-73.25;18.479889;15.4236145;0.019971848;19279360.0;-0.0037776046;18.708038
Confines;Santander;2025-08-01;6.375;-73.25;18.23056;15.27298;0.013908386;19462144.0;-0.0037179068;18.566498
Confines;Santander;2025-09-01;6.375;-73.25;18.1539;15.351166;0.016210556;19595342.0;-0.0037134625;18.621246
Confines;Santander;2025-10-01;6.375;-73.25;17.762512;15.41629;0.015299797;17995008.0;-0.0035350583;18.32901
Confines;Santander;2025-11-01;6.375;-73.25;18.13565;15.904114;0.010154724;16607744.0;-0.0032383092;18.312164
Confines;Santander;2025-12-01;6.375;-73.25;17.867523;15.2066345;0.004805565;17933824.0;-0.0032552183;17.972382
Curiti;Santander;2025-01-01;6.625;-73.0;19.513733;14.811554;0.006866455;20432384.0;-0.0034129433;18.310059
Curiti;Santander;2025-02-01;6.625;-73.0;19.89737;16.293701;0.009489059;19117056.0;-0.0033731572;19.222198
Curiti;Santander;2025-03-01;6.625;-73.0;19.843628;16.249176;0.010727882;19464432.0;-0.003467705;19.227875
Curiti;Santander;2025-04-01;6.625;-73.0;19.887817;16.653564;0.016882896;17476608.0;-0.0033785962;19.105896
Curiti;Santander;2025-05-01;6.625;-73.0;19.598053;16.73291;0.02484703;15375616.0;-0.0031826347;18.738129
Curiti;Santander;2025-06-01;6.625;-73.0;19.332764;16.515137;0.029566765;15562752.0;-0.003218867;18.623077
Curiti;Santander;2025-07-01;6.625;-73.0;19.792389;15.985168;0.02376461;17182720.0;-0.0033429675;19.04004
Curiti;Santander;2025-08-01;6.625;-73.0;19.531342;15.637238;0.017928123;18478848.0;-0.0034409836;18.962982
Curiti;Santander;2025-09-01;6.625;-73.0;19.37558;15.538666;0.018032074;18576192.0;-0.0034271218;18.950317
Curiti;Santander;2025-10-01;6.625;-73.0;18.734192;15.605774;0.020050049;17208832.0;-0.003296759;18.524292
Curiti;Santander;2025-11-01;6.625;-73.0;19.281158;16.134583;0.018579483;16252928.0;-0.0032299645;18.601227
Curiti;Santander;2025-12-01;6.625;-73.0;18.943695;15.524994;0.0075058937;17702400.0;-0.0032857358;18.309326
El_Socorro;Santander;2025-01-01;6.5;-73.25;18.926666;15.558502;0.0044517517;20689920.0;-0.003295403;19.701569
El_Socorro;Santander;2025-02-01;6.5;-73.25;19.07193;16.75064;0.0102062225;19549184.0;-0.0033238046;20.247467
El_Socorro;Santander;2025-03-01;6.5;-73.25;19.15982;16.796783;0.010070801;19484400.0;-0.003292229;20.269684
El_Socorro;Santander;2025-04-01;6.5;-73.25;19.379791;17.028473;0.014022827;18535936.0;-0.0035463236;20.220123
El_Socorro;Santander;2025-05-01;6.5;-73.25;18.983795;16.77774;0.018947601;16882176.0;-0.0035219043;19.704742
El_Socorro;Santander;2025-06-01;6.5;-73.25;18.724274;16.441803;0.016904831;17127936.0;-0.0034252182;19.588776
El_Socorro;Santander;2025-07-01;6.5;-73.25;19.08902;15.897125;0.020090103;19266560.0;-0.0035759024;20.122955
El_Socorro;Santander;2025-08-01;6.5;-73.25;18.845612;15.719147;0.0152339935;19583488.0;-0.0035291985;20.05069
El_Socorro;Santander;2025-09-01;6.5;-73.25;18.81778;15.81778;0.017440796;19642446.0;-0.003512714;20.159088
El_Socorro;Santander;2025-10-01;6.5;-73.25;18.373688;15.913239;0.01606369;18312704.0;-0.003486421;19.70279
El_Socorro;Santander;2025-11-01;6.5;-73.25;18.652252;16.422516;0.011133194;16698368.0;-0.0032657273;19.53775
El_Socorro;Santander;2025-12-01;6.5;-73.25;18.387848;15.807037;0.0062379837;17901568.0;-0.0033305585;19.272125
Guadalupe;Santander;2025-01-01;6.25;-73.375;18.95517;15.751984;0.0020017624;20021248.0;-0.0033075623;18.191925
Guadalupe;Santander;2025-02-01;6.25;-73.375;19.200104;16.638428;0.0052223206;18703616.0;-0.0031445138;18.917511
Guadalupe;Santander;2025-03-01;6.25;-73.375;18.943268;16.746246;0.0056619644;18393328.0;-0.0033461116;18.659515
Guadalupe;Santander;2025-04-01;6.25;-73.375;19.391693;17.064667;0.010591507;17697792.0;-0.0034074448;19.00821
Guadalupe;Santander;2025-05-01;6.25;-73.375;19.135162;16.867645;0.016806602;16411648.0;-0.0033504814;18.71762
Guadalupe;Santander;2025-06-01;6.25;-73.375;18.904022;16.618622;0.013682365;17038592.0;-0.0034428611;18.607452
Guadalupe;Santander;2025-07-01;6.25;-73.375;19.100006;16.229279;0.01291275;19332864.0;-0.003851276;18.72464
Guadalupe;Santander;2025-08-01;6.25;-73.375;18.857513;16.07669;0.008975029;19277312.0;-0.0037931278;18.534271
Guadalupe;Santander;2025-09-01;6.25;-73.375;18.759369;16.15097;0.01072979;19312976.0;-0.0037572123;18.621246
Guadalupe;Santander;2025-10-01;6.25;-73.375;18.400238;16.120392;0.012470245;17582848.0;-0.0034957193;18.48526
Guadalupe;Santander;2025-11-01;6.25;-73.375;18.828033;16.54184;0.008252144;16268800.0;-0.0031529553;18.551422
Guadalupe;Santander;2025-12-01;6.25;-73.375;18.576508;15.741791;0.0030927658;17802240.0;-0.0031767786;18.124725
Guapota;Santander;2025-01-01;6.25;-73.25;17.733307;14.560455;0.002500534;20293632.0;-0.0033554845;16.77774
Guapota;Santander;2025-02-01;6.25;-73.25;17.862946;15.645172;0.0054130554;18893312.0;-0.0032603852;17.323639
Guapota;Santander;2025-03-01;6.25;-73.25;17.716461;15.626862;0.006210327;18806512.0;-0.0034584068;17.197418
Guapota;Santander;2025-04-01;6.25;-73.25;18.174713;15.940582;0.012527466;17902080.0;-0.0034926794;17.544342
Guapota;Santander;2025-05-01;6.25;-73.25;17.888092;15.685944;0.020002365;16464896.0;-0.0034634918;17.245758
Guapota;Santander;2025-06-01;6.25;-73.25;17.620758;15.363678;0.018133163;17095680.0;-0.0035816208;17.143463
Guapota;Santander;2025-07-01;6.25;-73.25;17.87027;14.94986;0.019853592;19292160.0;-0.0039793067;17.292877
Guapota;Santander;2025-08-01;6.25;-73.25;17.615143;14.826569;0.012582779;19340800.0;-0.003906615;17.08194
Guapota;Santander;2025-09-01;6.25;-73.25;17.489655;14.884186;0.014980316;19548238.0;-0.003914211;17.082916
Guapota;Santander;2025-10-01;6.25;-73.25;17.151031;14.919098;0.014535904;17677312.0;-0.0035836957;16.954742
Guapota;Santander;2025-11-01;6.25;-73.25;17.61905;15.3854065;0.009176254;16517120.0;-0.003210891;17.086578
Guapota;Santander;2025-12-01;6.25;-73.25;17.346832;14.6058655;0.003373146;17966080.0;-0.003179878;16.672516
Guepsa;Santander;2025-01-01;6.0;-73.5;16.961823;13.958893;0.0026836395;19294208.0;-0.003248196;16.279694
Guepsa;Santander;2025-02-01;6.0;-73.5;17.048492;15.024078;0.0055294037;17590784.0;-0.0030820481;16.714264
Guepsa;Santander;2025-03-01;6.0;-73.5;16.925446;14.788971;0.0068588257;17315568.0;-0.003144171;16.728668
Guepsa;Santander;2025-04-01;6.0;-73.5;17.438385;15.126129;0.013141632;16659968.0;-0.0032573603;17.114655
Guepsa;Santander;2025-05-01;6.0;-73.5;17.39981;14.795319;0.01411438;15754240.0;-0.0032012314;16.948883
Guepsa;Santander;2025-06-01;6.0;-73.5;17.282867;14.414459;0.01209259;16543232.0;-0.0033236519;16.92276
Guepsa;Santander;2025-07-01;6.0;-73.5;17.573395;13.76236;0.009462357;18808832.0;-0.0036512427;17.062408
Guepsa;Santander;2025-08-01;6.0;-73.5;17.197174;13.660553;0.009260178;18676224.0;-0.0035566166;16.802643
Guepsa;Santander;2025-09-01;6.0;-73.5;17.165436;13.854889;0.010519028;18672206.0;-0.003559444;16.893463
Guepsa;Santander;2025-10-01;6.0;-73.5;16.645172;14.255035;0.01458931;16722944.0;-0.0032909177;16.667633
Guepsa;Santander;2025-11-01;6.0;-73.5;17.05069;14.66861;0.008228302;15685632.0;-0.0030053742;16.703766
Guepsa;Santander;2025-12-01;6.0;-73.5;16.596832;13.9496155;0.0036554337;17411072.0;-0.0030401647;16.135406
Moniquira;Boyaca;2025-01-01;5.875;-73.5;15.651459;12.072296;0.0028820038;19150336.0;-0.0031816773;15.107941
Moniquira;Boyaca;2025-02-01;5.875;-73.5;15.764557;13.459747;0.0067920685;17233664.0;-0.0030458085;15.549347
Moniquira;Boyaca;2025-03-01;5.875;-73.5;15.604401;13.21109;0.0076475143;17185776.0;-0.0031267665;15.507172
Moniquira;Boyaca;2025-04-01;5.875;-73.5;16.120209;13.488495;0.011330605;16499712.0;-0.0031553172;15.810944
Moniquira;Boyaca;2025-05-01;5.875;-73.5;16.071686;13.151825;0.0104599;15579392.0;-0.003028378;15.628754
Moniquira;Boyaca;2025-06-01;5.875;-73.5;15.946991;12.685028;0.00846386;16224512.0;-0.003112413;15.492218
Moniquira;Boyaca;2025-07-01;5.875;-73.5;16.06778;11.84256;0.00571537;18213632.0;-0.0032945685;15.518585
Moniquira;Boyaca;2025-08-01;5.875;-73.5;15.711029;11.743683;0.0061426163;18323200.0;-0.0032527521;15.281342
Moniquira;Boyaca;2025-09-01;5.875;-73.5;15.762299;11.855011;0.0070266724;18604368.0;-0.003265474;15.391754
Moniquira;Boyaca;2025-10-01;5.875;-73.5;15.314301;12.523712;0.010663986;16647680.0;-0.003132131;15.249908
Moniquira;Boyaca;2025-11-01;5.875;-73.5;15.7274475;13.032074;0.0075702667;15502848.0;-0.0029321797;15.355133
Moniquira;Boyaca;2025-12-01;5.875;-73.5;15.221039;12.36972;0.003332615;17213952.0;-0.0029798448;14.807343
Ocamonte;Santander;2025-01-01;6.375;-73.125;17.744232;13.811554;0.0035500526;20588288.0;-0.0032801442;17.296906
Ocamonte;Santander;2025-02-01;6.375;-73.125;17.935944;15.230743;0.007483959;19156864.0;-0.0032541864;17.92044
Ocamonte;Santander;2025-03-01;6.375;-73.125;17.869537;15.203278;0.00808382;19340272.0;-0.0033827685;17.868439
Ocamonte;Santander;2025-04-01;6.375;-73.125;18.173431;15.523651;0.013367176;18018304.0;-0.0034393333;17.942291
Ocamonte;Santander;2025-05-01;6.375;-73.125;17.82071;15.362762;0.020011425;16290816.0;-0.003375575;17.52127
Ocamonte;Santander;2025-06-01;6.375;-73.125;17.550507;14.998505;0.01933384;16754944.0;-0.0033993497;17.399933
Ocamonte;Santander;2025-07-01;6.375;-73.125;17.855865;14.478302;0.020495415;18667264.0;-0.0036009364;17.725616
Ocamonte;Santander;2025-08-01;6.375;-73.125;17.603119;14.26712;0.014194012;19227136.0;-0.0035986975;17.592804
Ocamonte;Santander;2025-09-01;6.375;-73.125;17.513763;14.268585;0.015570164;19527376.0;-0.0036114193;17.62613
Ocamonte;Santander;2025-10-01;6.375;-73.125;17.088715;14.448517;0.015573025;17803136.0;-0.0034350418;17.332428
Ocamonte;Santander;2025-11-01;6.375;-73.125;17.548737;14.968597;0.01078701;16632576.0;-0.0031996854;17.377594
Ocamonte;Santander;2025-12-01;6.375;-73.125;17.2518;14.31308;0.004853964;18012672.0;-0.0032280385;17.05008
Oiba;Santander;2025-01-01;6.25;-73.25;17.733307;14.560455;0.002500534;20293632.0;-0.0033554845;16.77774
Oiba;Santander;2025-02-01;6.25;-73.25;17.862946;15.645172;0.0054130554;18893312.0;-0.0032603852;17.323639
Oiba;Santander;2025-03-01;6.25;-73.25;17.716461;15.626862;0.006210327;18806512.0;-0.0034584068;17.197418
Oiba;Santander;2025-04-01;6.25;-73.25;18.174713;15.940582;0.012527466;17902080.0;-0.0034926794;17.544342
Oiba;Santander;2025-05-01;6.25;-73.25;17.888092;15.685944;0.020002365;16464896.0;-0.0034634918;17.245758
Oiba;Santander;2025-06-01;6.25;-73.25;17.620758;15.363678;0.018133163;17095680.0;-0.0035816208;17.143463
Oiba;Santander;2025-07-01;6.25;-73.25;17.87027;14.94986;0.019853592;19292160.0;-0.0039793067;17.292877
Oiba;Santander;2025-08-01;6.25;-73.25;17.615143;14.826569;0.012582779;19340800.0;-0.003906615;17.08194
Oiba;Santander;2025-09-01;6.25;-73.25;17.489655;14.884186;0.014980316;19548238.0;-0.003914211;17.082916
Oiba;Santander;2025-10-01;6.25;-73.25;17.151031;14.919098;0.014535904;17677312.0;-0.0035836957;16.954742
Oiba;Santander;2025-11-01;6.25;-73.25;17.61905;15.3854065;0.009176254;16517120.0;-0.003210891;17.086578
Oiba;Santander;2025-12-01;6.25;-73.25;17.346832;14.6058655;0.003373146;17966080.0;-0.003179878;16.672516
Palmas_del_Socorro;Santander;2025-01-01;6.375;-73.25;18.33014;15.059601;0.0034761429;20491776.0;-0.0033254437;18.239777
Palmas_del_Socorro;Santander;2025-02-01;6.375;-73.25;18.467682;16.197998;0.007809639;19221248.0;-0.003292095;18.785675
Palmas_del_Socorro;Santander;2025-03-01;6.375;-73.25;18.438354;16.212067;0.008140564;19145456.0;-0.003375318;18.733734
Palmas_del_Socorro;Santander;2025-04-01;6.375;-73.25;18.777466;16.48462;0.0132751465;18219008.0;-0.0035195015;18.882233
Palmas_del_Socorro;Santander;2025-05-01;6.375;-73.25;18.435944;16.231934;0.019474983;16673536.0;-0.003492698;18.475433
Palmas_del_Socorro;Santander;2025-06-01;6.375;-73.25;18.172607;15.902832;0.017518997;17111808.0;-0.0035034195;18.366241
Palmas_del_Socorro;Santander;2025-07-01;6.375;-73.25;18.479889;15.4236145;0.019971848;19279360.0;-0.0037776046;18.708038
Palmas_del_Socorro;Santander;2025-08-01;6.375;-73.25;18.23056;15.27298;0.013908386;19462144.0;-0.0037179068;18.566498
Palmas_del_Socorro;Santander;2025-09-01;6.375;-73.25;18.1539;15.351166;0.016210556;19595342.0;-0.0037134625;18.621246
Palmas_del_Socorro;Santander;2025-10-01;6.375;-73.25;17.762512;15.41629;0.015299797;17995008.0;-0.0035350583;18.32901
Palmas_del_Socorro;Santander;2025-11-01;6.375;-73.25;18.13565;15.904114;0.010154724;16607744.0;-0.0032383092;18.312164
Palmas_del_Socorro;Santander;2025-12-01;6.375;-73.25;17.867523;15.2066345;0.004805565;17933824.0;-0.0032552183;17.972382
Paramo;Santander;2025-01-01;6.375;-73.25;18.33014;15.059601;0.0034761429;20491776.0;-0.0033254437;18.239777
Paramo;Santander;2025-02-01;6.375;-73.25;18.467682;16.197998;0.007809639;19221248.0;-0.003292095;18.785675
Paramo;Santander;2025-03-01;6.375;-73.25;18.438354;16.212067;0.008140564;19145456.0;-0.003375318;18.733734
Paramo;Santander;2025-04-01;6.375;-73.25;18.777466;16.48462;0.0132751465;18219008.0;-0.0035195015;18.882233
Paramo;Santander;2025-05-01;6.375;-73.25;18.435944;16.231934;0.019474983;16673536.0;-0.003492698;18.475433
Paramo;Santander;2025-06-01;6.375;-73.25;18.172607;15.902832;0.017518997;17111808.0;-0.0035034195;18.366241
Paramo;Santander;2025-07-01;6.375;-73.25;18.479889;15.4236145;0.019971848;19279360.0;-0.0037776046;18.708038
Paramo;Santander;2025-08-01;6.375;-73.25;18.23056;15.27298;0.013908386;19462144.0;-0.0037179068;18.566498
Paramo;Santander;2025-09-01;6.375;-73.25;18.1539;15.351166;0.016210556;19595342.0;-0.0037134625;18.621246
Paramo;Santander;2025-10-01;6.375;-73.25;17.762512;15.41629;0.015299797;17995008.0;-0.0035350583;18.32901
Paramo;Santander;2025-11-01;6.375;-73.25;18.13565;15.904114;0.010154724;16607744.0;-0.0032383092;18.312164
Paramo;Santander;2025-12-01;6.375;-73.25;17.867523;15.2066345;0.004805565;17933824.0;-0.0032552183;17.972382
Pinchote;Santander;2025-01-01;6.5;-73.25;18.926666;15.558502;0.0044517517;20689920.0;-0.003295403;19.701569
Pinchote;Santander;2025-02-01;6.5;-73.25;19.07193;16.75064;0.0102062225;19549184.0;-0.0033238046;20.247467
Pinchote;Santander;2025-03-01;6.5;-73.25;19.15982;16.796783;0.010070801;19484400.0;-0.003292229;20.269684
Pinchote;Santander;2025-04-01;6.5;-73.25;19.379791;17.028473;0.014022827;18535936.0;-0.0035463236;20.220123
Pinchote;Santander;2025-05-01;6.5;-73.25;18.983795;16.77774;0.018947601;16882176.0;-0.0035219043;19.704742
Pinchote;Santander;2025-06-01;6.5;-73.25;18.724274;16.441803;0.016904831;17127936.0;-0.0034252182;19.588776
Pinchote;Santander;2025-07-01;6.5;-73.25;19.08902;15.897125;0.020090103;19266560.0;-0.0035759024;20.122955
Pinchote;Santander;2025-08-01;6.5;-73.25;18.845612;15.719147;0.0152339935;19583488.0;-0.0035291985;20.05069
Pinchote;Santander;2025-09-01;6.5;-73.25;18.81778;15.81778;0.017440796;19642446.0;-0.003512714;20.159088
Pinchote;Santander;2025-10-01;6.5;-73.25;18.373688;15.913239;0.01606369;18312704.0;-0.003486421;19.70279
Pinchote;Santander;2025-11-01;6.5;-73.25;18.652252;16.422516;0.011133194;16698368.0;-0.0032657273;19.53775
Pinchote;Santander;2025-12-01;6.5;-73.25;18.387848;15.807037;0.0062379837;17901568.0;-0.0033305585;19.272125
Puente_Nacional;Santander;2025-01-01;5.875;-73.625;16.260834;12.9531555;0.0039663315;19176192.0;-0.0033086352;16.084503
Puente_Nacional;Santander;2025-02-01;5.875;-73.625;16.404694;14.323029;0.008603573;17168640.0;-0.0031193607;16.584015
Puente_Nacional;Santander;2025-03-01;5.875;-73.625;16.313385;14.079742;0.009151936;17173872.0;-0.0031573437;16.592072
Puente_Nacional;Santander;2025-04-01;5.875;-73.625;16.825775;14.31131;0.012648106;16499072.0;-0.0031410716;16.901276
Puente_Nacional;Santander;2025-05-01;5.875;-73.625;16.824615;14.008331;0.012784004;15756416.0;-0.0030391067;16.739532
Puente_Nacional;Santander;2025-06-01;5.875;-73.625;16.70285;13.535187;0.011051178;16376320.0;-0.0031459108;16.61087
Puente_Nacional;Santander;2025-07-01;5.875;-73.625;16.825104;12.696564;0.0084095;18396416.0;-0.003391128;16.675323
Puente_Nacional;Santander;2025-08-01;5.875;-73.625;16.453156;12.631866;0.008392334;18500608.0;-0.0033505037;16.469269
Puente_Nacional;Santander;2025-09-01;5.875;-73.625;16.515778;12.778839;0.009600639;18539728.0;-0.0033365227;16.596344
Puente_Nacional;Santander;2025-10-01;5.875;-73.625;16.03891;13.388458;0.011841774;16745344.0;-0.0031503104;16.393951
Puente_Nacional;Santander;2025-11-01;5.875;-73.625;16.424225;13.867462;0.009371281;15541248.0;-0.002929438;16.479156
Puente_Nacional;Santander;2025-12-01;5.875;-73.625;15.885101;13.207062;0.0043263435;17154816.0;-0.0030003488;15.9392395
San_Benito;Santander;2025-01-01;6.125;-73.5;18.569427;15.451202;0.0020933151;19521536.0;-0.0032539181;17.942902
San_Benito;Santander;2025-02-01;6.125;-73.5;18.792877;16.327911;0.0052804947;18052352.0;-0.0030553453;18.612823
San_Benito;Santander;2025-03-01;6.125;-73.5;18.54776;16.327301;0.0059862137;17647856.0;-0.0031889938;18.42514
San_Benito;Santander;2025-04-01;6.125;-73.5;19.02353;16.65744;0.01089859;17076736.0;-0.0032897852;18.793365
San_Benito;Santander;2025-05-01;6.125;-73.5;18.891022;16.422333;0.01386261;16056320.0;-0.0032193512;18.569183
San_Benito;Santander;2025-06-01;6.125;-73.5;18.735077;16.144012;0.010662079;16762368.0;-0.0033138767;18.4971
San_Benito;Santander;2025-07-01;6.125;-73.5;18.951569;15.635529;0.0077171326;19091200.0;-0.003687244;18.609406
San_Benito;Santander;2025-08-01;6.125;-73.5;18.64853;15.493683;0.0073137283;18945024.0;-0.0036181286;18.394623
San_Benito;Santander;2025-09-01;6.125;-73.5;18.59726;15.636322;0.0084991455;18874960.0;-0.003579829;18.52652
San_Benito;Santander;2025-10-01;6.125;-73.5;18.147308;15.788361;0.012496948;17105664.0;-0.0033493303;18.341705
San_Benito;Santander;2025-11-01;6.125;-73.5;18.543854;16.183441;0.0077781677;15853056.0;-0.003050197;18.360016
San_Benito;Santander;2025-12-01;6.125;-73.5;18.201508;15.413666;0.0032339096;17524736.0;-0.003106922;17.85617
San_Gil;Santander;2025-01-01;6.625;-73.125;19.487854;15.695831;0.006763935;20375552.0;-0.0034756474;19.19925
San_Gil;Santander;2025-02-01;6.625;-73.125;19.773834;16.949982;0.010632038;19206912.0;-0.0034574382;19.956085
San_Gil;Santander;2025-03-01;6.625;-73.125;19.807007;16.971344;0.011271;19303920.0;-0.0034718774;19.98764
San_Gil;Santander;2025-04-01;6.625;-73.125;19.925903;17.218475;0.016253948;17827712.0;-0.0034823678;19.923248
San_Gil;Santander;2025-05-01;6.625;-73.125;19.624908;17.138153;0.02259779;15899264.0;-0.0033179969;19.543304
San_Gil;Santander;2025-06-01;6.625;-73.125;19.341064;16.925262;0.024957657;16012672.0;-0.003305532;19.406769
San_Gil;Santander;2025-07-01;6.625;-73.125;19.742584;16.439728;0.022054195;17895808.0;-0.0035085492;19.82132
San_Gil;Santander;2025-08-01;6.625;-73.125;19.496185;16.166046;0.017036915;18803456.0;-0.0035608485;19.751556
San_Gil;Santander;2025-09-01;6.625;-73.125;19.408295;16.169525;0.018157005;18791744.0;-0.0035308339;19.797028
San_Gil;Santander;2025-10-01;6.625;-73.125;18.863098;16.167267;0.01898241;17572992.0;-0.0034258626;19.400787
San_Gil;Santander;2025-11-01;6.625;-73.125;19.278229;16.65268;0.017230988;16286720.0;-0.003272403;19.37857
San_Gil;Santander;2025-12-01;6.625;-73.125;18.989594;16.06308;0.007927656;17602048.0;-0.0033284128;19.11203
San_Jose_de_Pare;Boyaca;2025-01-01;6.0;-73.5;16.961823;13.958893;0.0026836395;19294208.0;-0.003248196;16.279694
San_Jose_de_Pare;Boyaca;2025-02-01;6.0;-73.5;17.048492;15.024078;0.0055294037;17590784.0;-0.0030820481;16.714264
San_Jose_de_Pare;Boyaca;2025-03-01;6.0;-73.5;16.925446;14.788971;0.0068588257;17315568.0;-0.003144171;16.728668
San_Jose_de_Pare;Boyaca;2025-04-01;6.0;-73.5;17.438385;15.126129;0.013141632;16659968.0;-0.0032573603;17.114655
San_Jose_de_Pare;Boyaca;2025-05-01;6.0;-73.5;17.39981;14.795319;0.01411438;15754240.0;-0.0032012314;16.948883
San_Jose_de_Pare;Boyaca;2025-06-01;6.0;-73.5;17.282867;14.414459;0.01209259;16543232.0;-0.0033236519;16.92276
San_Jose_de_Pare;Boyaca;2025-07-01;6.0;-73.5;17.573395;13.76236;0.009462357;18808832.0;-0.0036512427;17.062408
San_Jose_de_Pare;Boyaca;2025-08-01;6.0;-73.5;17.197174;13.660553;0.009260178;18676224.0;-0.0035566166;16.802643
San_Jose_de_Pare;Boyaca;2025-09-01;6.0;-73.5;17.165436;13.854889;0.010519028;18672206.0;-0.003559444;16.893463
San_Jose_de_Pare;Boyaca;2025-10-01;6.0;-73.5;16.645172;14.255035;0.01458931;16722944.0;-0.0032909177;16.667633
San_Jose_de_Pare;Boyaca;2025-11-01;6.0;-73.5;17.05069;14.66861;0.008228302;15685632.0;-0.0030053742;16.703766
San_Jose_de_Pare;Boyaca;2025-12-01;6.0;-73.5;16.596832;13.9496155;0.0036554337;17411072.0;-0.0030401647;16.135406
Santana;Boyaca;2025-01-01;6.0;-73.5;16.961823;13.958893;0.0026836395;19294208.0;-0.003248196;16.279694
Santana;Boyaca;2025-02-01;6.0;-73.5;17.048492;15.024078;0.0055294037;17590784.0;-0.0030820481;16.714264
Santana;Boyaca;2025-03-01;6.0;-73.5;16.925446;14.788971;0.0068588257;17315568.0;-0.003144171;16.728668
Santana;Boyaca;2025-04-01;6.0;-73.5;17.438385;15.126129;0.013141632;16659968.0;-0.0032573603;17.114655
Santana;Boyaca;2025-05-01;6.0;-73.5;17.39981;14.795319;0.01411438;15754240.0;-0.0032012314;16.948883
Santana;Boyaca;2025-06-01;6.0;-73.5;17.282867;14.414459;0.01209259;16543232.0;-0.0033236519;16.92276
Santana;Boyaca;2025-07-01;6.0;-73.5;17.573395;13.76236;0.009462357;18808832.0;-0.0036512427;17.062408
Santana;Boyaca;2025-08-01;6.0;-73.5;17.197174;13.660553;0.009260178;18676224.0;-0.0035566166;16.802643
Santana;Boyaca;2025-09-01;6.0;-73.5;17.165436;13.854889;0.010519028;18672206.0;-0.003559444;16.893463
Santana;Boyaca;2025-10-01;6.0;-73.5;16.645172;14.255035;0.01458931;16722944.0;-0.0032909177;16.667633
Santana;Boyaca;2025-11-01;6.0;-73.5;17.05069;14.66861;0.008228302;15685632.0;-0.0030053742;16.703766
Santana;Boyaca;2025-12-01;6.0;-73.5;16.596832;13.9496155;0.0036554337;17411072.0;-0.0030401647;16.135406
Suaita;Santander;2025-01-01;6.125;-73.375;17.748566;14.39212;0.0027489662;19712512.0;-0.0032404475;17.102081
Suaita;Santander;2025-02-01;6.125;-73.375;17.905182;15.425079;0.005545616;18247552.0;-0.0031083934;17.636261
Suaita;Santander;2025-03-01;6.125;-73.375;17.673248;15.391754;0.0064487457;17979888.0;-0.0032635592;17.459259
Suaita;Santander;2025-04-01;6.125;-73.375;18.142242;15.73465;0.011972427;17282432.0;-0.0033427142;17.774323
Suaita;Santander;2025-05-01;6.125;-73.375;17.950592;15.47464;0.015199184;16074240.0;-0.003259942;17.507599
Suaita;Santander;2025-06-01;6.125;-73.375;17.758575;15.146027;0.012702942;16777600.0;-0.003362514;17.423859
Suaita;Santander;2025-07-01;6.125;-73.375;17.973541;14.636993;0.010521889;19027712.0;-0.003707867;17.535675
Suaita;Santander;2025-08-01;6.125;-73.375;17.685577;14.505402;0.008865356;18972416.0;-0.0036492422;17.320343
Suaita;Santander;2025-09-01;6.125;-73.375;17.629059;14.611359;0.0103263855;19130448.0;-0.0036450364;17.42691
Suaita;Santander;2025-10-01;6.125;-73.375;17.218048;14.831329;0.013814449;17204992.0;-0.0033884905;17.255768
Suaita;Santander;2025-11-01;6.125;-73.375;17.647858;15.235138;0.0082297325;16042752.0;-0.0030915625;17.310211
Suaita;Santander;2025-12-01;6.125;-73.375;17.310455;14.479523;0.0033214092;17674752.0;-0.0031176507;16.826935
Togui;Boyaca;2025-01-01;5.875;-73.5;15.651459;12.072296;0.0028820038;19150336.0;-0.0031816773;15.107941
Togui;Boyaca;2025-02-01;5.875;-73.5;15.764557;13.459747;0.0067920685;17233664.0;-0.0030458085;15.549347
Togui;Boyaca;2025-03-01;5.875;-73.5;15.604401;13.21109;0.0076475143;17185776.0;-0.0031267665;15.507172
Togui;Boyaca;2025-04-01;5.875;-73.5;16.120209;13.488495;0.011330605;16499712.0;-0.0031553172;15.810944
Togui;Boyaca;2025-05-01;5.875;-73.5;16.071686;13.151825;0.0104599;15579392.0;-0.003028378;15.628754
Togui;Boyaca;2025-06-01;5.875;-73.5;15.946991;12.685028;0.00846386;16224512.0;-0.003112413;15.492218
Togui;Boyaca;2025-07-01;5.875;-73.5;16.06778;11.84256;0.00571537;18213632.0;-0.0032945685;15.518585
Togui;Boyaca;2025-08-01;5.875;-73.5;15.711029;11.743683;0.0061426163;18323200.0;-0.0032527521;15.281342
Togui;Boyaca;2025-09-01;5.875;-73.5;15.762299;11.855011;0.0070266724;18604368.0;-0.003265474;15.391754
Togui;Boyaca;2025-10-01;5.875;-73.5;15.314301;12.523712;0.010663986;16647680.0;-0.003132131;15.249908
Togui;Boyaca;2025-11-01;5.875;-73.5;15.7274475;13.032074;0.0075702667;15502848.0;-0.0029321797;15.355133
Togui;Boyaca;2025-12-01;5.875;-73.5;15.221039;12.36972;0.003332615;17213952.0;-0.0029798448;14.807343
Valle_de_San_Jose;Santander;2025-01-01;6.5;-73.125;18.953186;14.673859;0.004553795;20746752.0;-0.003232699;18.812012
Valle_de_San_Jose;Santander;2025-02-01;6.5;-73.125;19.19522;16.094482;0.009062767;19459328.0;-0.0032396428;19.513245
Valle_de_San_Jose;Santander;2025-03-01;6.5;-73.125;19.196167;16.074371;0.009527206;19644912.0;-0.0032880567;19.510101
Valle_de_San_Jose;Santander;2025-04-01;6.5;-73.125;19.341888;16.463135;0.014652252;18184704.0;-0.0034424923;19.402771
Valle_de_San_Jose;Santander;2025-05-01;6.5;-73.125;18.957428;16.372528;0.021197319;16358400.0;-0.0033864826;18.899261
Valle_de_San_Jose;Santander;2025-06-01;6.5;-73.125;18.716522;16.031708;0.021514893;16677888.0;-0.003338553;18.805695
Valle_de_San_Jose;Santander;2025-07-01;6.5;-73.125;19.139069;15.442169;0.021800995;18553344.0;-0.0034102015;19.341797
Valle_de_San_Jose;Santander;2025-08-01;6.5;-73.125;18.88095;15.189972;0.016125679;19258880.0;-0.003409274;19.26181
Valle_de_San_Jose;Santander;2025-09-01;6.5;-73.125;18.785736;15.187103;0.017315865;19426896.0;-0.003409002;19.312622
Valle_de_San_Jose;Santander;2025-10-01;6.5;-73.125;18.244934;15.351868;0.017131805;17948416.0;-0.0033573173;18.82605
Valle_de_San_Jose;Santander;2025-11-01;6.5;-73.125;18.655182;15.904114;0.012482643;16664576.0;-0.0032232888;18.760406
Valle_de_San_Jose;Santander;2025-12-01;6.5;-73.125;18.342133;15.2691345;0.005815983;18001920.0;-0.0032878816;18.469482
